name,gender,years_present,years_absent,presence_ratio,peak_count,peak_year,peak_year_normalized,mean_count,median_count,total_count,std_count,cv_count,mean_change,max_increase,max_decrease,volatility,first_year,last_year,first_count,last_count,debut_strength,trajectory,num_runs,longest_run,avg_run_length,recent_presence,recent_mean,early_presence,early_mean,cluster_kmeans,cluster_hdbscan
Muhammad,Boy,29,0,1.0,5721.0,2024,1.0,2490.448275862069,2451.0,72223.0,1439.6113121545116,0.5780530863088051,188.57142857142858,1060.0,-217.0,232.35693425839304,1996,2024,441.0,5721.0,441.0,4.029975124378109,1,29,29.0,5,4398.2,5,610.6,0,-1
Noah,Boy,29,0,1.0,4586.0,2022,0.9285714285714286,2503.310344827586,3084.0,72596.0,1705.1806477957466,0.6811702956922786,142.92857142857142,834.0,-243.0,256.55964616598675,1996,2024,137.0,4139.0,137.0,10.425459940652818,1,29,29.0,5,4334.8,5,232.0,0,-1
Oliver,Boy,29,0,1.0,8427.0,2010,0.5,5420.586206896552,5390.0,157197.0,1398.9394139660521,0.25807899008896806,-5.821428571428571,1063.0,-1420.0,520.1884310771728,1996,2024,3655.0,3492.0,3655.0,0.12024952015355092,1,29,29.0,5,3826.2,5,3926.4,6,-1
Arthur,Boy,29,0,1.0,4211.0,2019,0.8214285714285714,1502.9655172413793,786.0,43586.0,1424.7774050648588,0.9479774410792664,115.67857142857143,849.0,-286.0,240.7145692028852,1996,2024,129.0,3368.0,129.0,16.335352358765288,1,29,29.0,5,3635.2,5,157.6,0,-1
Leo,Boy,29,0,1.0,3781.0,2017,0.75,2181.0,2123.0,63249.0,1325.971472101714,0.6079649115551188,113.39285714285714,604.0,-350.0,218.57923363748677,1996,2024,149.0,3324.0,149.0,6.986453882885148,1,29,29.0,5,3425.8,5,194.4,0,-1
George,Boy,29,0,1.0,5263.0,2016,0.7142857142857143,4181.310344827586,4214.0,121258.0,490.10569609142516,0.11721342250945364,-36.785714285714285,549.0,-475.0,256.87925973428185,1996,2024,4287.0,3257.0,4287.0,0.0724748169758352,1,29,29.0,5,3738.2,5,4346.6,6,-1
Luca,Boy,29,0,1.0,3195.0,2023,0.9642857142857143,1045.6206896551723,982.0,30323.0,752.1953806069412,0.7193769098572468,97.53571428571429,818.0,-381.0,212.85935701149467,1996,2024,83.0,2814.0,83.0,4.773517786561265,1,29,29.0,5,2352.8,5,161.0,5,-1
Theodore,Boy,29,0,1.0,2889.0,2021,0.8928571428571429,1041.7586206896551,442.0,30211.0,996.3651060202023,0.9564260724433441,93.17857142857143,731.0,-169.0,156.39762821809316,1996,2024,152.0,2761.0,152.0,10.616806722689075,1,29,29.0,5,2777.6,5,172.8,5,-1
Oscar,Boy,29,0,1.0,4511.0,2013,0.6071428571428571,2327.4137931034484,2747.0,67495.0,1314.2288552408525,0.5646734839911803,87.14285714285714,1222.0,-279.0,309.7266899202902,1996,2024,307.0,2747.0,307.0,3.867941176470588,1,29,29.0,5,2920.2,5,481.6,0,-1
Archie,Boy,29,0,1.0,3265.0,2013,0.6071428571428571,2067.7586206896553,2544.0,59965.0,986.9635305833473,0.47731080441786156,85.92857142857143,753.0,-406.0,248.44616096442138,1996,2024,169.0,2575.0,169.0,2.665074671003992,1,29,29.0,5,2706.2,5,378.4,0,-1
Jude,Boy,29,0,1.0,2540.0,2024,1.0,832.9655172413793,757.0,24156.0,592.4456315959687,0.7112486883707192,89.85714285714286,576.0,-106.0,141.44350570500737,1996,2024,24.0,2540.0,24.0,4.617359932088285,1,29,29.0,5,1795.0,5,84.8,5,-1
Theo,Boy,29,0,1.0,2808.0,2022,0.9285714285714286,1399.7931034482758,1407.0,40594.0,969.160830726514,0.692360055453242,80.96428571428571,337.0,-319.0,149.64135270297282,1996,2024,120.0,2387.0,120.0,9.118594306049822,1,29,29.0,5,2559.2,5,152.6,5,-1
Freddie,Boy,29,0,1.0,3287.0,2016,0.7142857142857143,1618.7931034482758,1716.0,46945.0,1141.1402760430508,0.7049327512035035,81.42857142857143,934.0,-289.0,221.87020474841148,1996,2024,89.0,2369.0,89.0,11.83641791044776,1,29,29.0,5,2656.0,5,102.6,0,-1
Henry,Boy,29,0,1.0,3581.0,2015,0.6785714285714286,2247.4827586206898,2239.0,65177.0,828.5179381526183,0.3686426224960635,43.75,386.0,-288.0,179.68934005269045,1996,2024,1135.0,2360.0,1135.0,1.3577531645569618,1,29,29.0,5,2650.8,5,1260.2,0,-1
Arlo,Boy,29,0,1.0,2253.0,2023,0.9642857142857143,657.2758620689655,146.0,19061.0,846.9229047904771,1.2885349267574544,79.28571428571429,666.0,-37.0,141.6232066190468,1996,2024,0.0,2220.0,0.0,190.94146341463414,1,29,29.0,5,2142.2,5,1.6,5,-1
Alfie,Boy,29,0,1.0,5566.0,2008,0.42857142857142855,2984.137931034483,2977.0,86540.0,1566.4168803495431,0.5249143694261238,58.857142857142854,2144.0,-705.0,572.9499301413516,1996,2024,372.0,2020.0,372.0,0.9616470025510203,1,29,29.0,5,2237.4,5,757.2,6,-1
Charlie,Boy,29,0,1.0,5571.0,2012,0.5714285714285714,3612.448275862069,3365.0,104761.0,1273.9644770180696,0.35265957592543046,1.5714285714285714,730.0,-641.0,356.2629875899693,1996,2024,1912.0,1956.0,1912.0,0.24571933701657464,1,29,29.0,5,2368.2,5,2235.8,6,-1
Finley,Boy,29,0,1.0,2613.0,2020,0.8571428571428571,1462.4137931034484,1844.0,42410.0,792.5085234934387,0.5419181132117359,66.57142857142857,771.0,-330.0,206.97212175477515,1996,2024,22.0,1886.0,22.0,4.302400231347599,1,29,29.0,5,2130.2,5,183.2,0,-1
Albie,Boy,29,0,1.0,1820.0,2024,1.0,552.3103448275862,158.0,16017.0,641.3058930913346,1.1611332271741714,64.39285714285714,326.0,-88.0,86.38135516654137,1996,2024,17.0,1820.0,17.0,42.3017667844523,1,29,29.0,5,1683.8,5,21.4,5,-1
Harry,Boy,29,0,1.0,7523.0,2011,0.5357142857142857,4885.9655172413795,4914.0,141693.0,1405.772225694859,0.2877163624536915,-95.32142857142857,1156.0,-1280.0,557.0108394413003,1996,2024,4434.0,1765.0,4434.0,-0.2652163136547995,1,29,29.0,5,2453.0,5,4962.0,6,-1
Mohammed,Boy,29,0,1.0,3442.0,2008,0.42857142857142855,2562.6206896551726,2637.0,74316.0,614.4378655376155,0.23976933770104483,-12.571428571428571,374.0,-351.0,165.82702445866997,1996,2024,2112.0,1760.0,2112.0,-0.3334765844646156,1,29,29.0,5,1657.8,5,2477.0,0,-1
Jack,Boy,29,0,1.0,10779.0,1996,0.0,6508.206896551724,7031.0,188738.0,2644.7728848364713,0.4063750472096646,-323.85714285714283,404.0,-946.0,336.05491837386535,1996,2024,10779.0,1711.0,10779.0,-0.6456076280839371,1,29,29.0,5,2368.4,5,9926.6,3,-1
Elijah,Boy,29,0,1.0,1668.0,2020,0.8571428571428571,771.3448275862069,523.0,22369.0,611.5148108202748,0.792790447216593,56.535714285714285,217.0,-108.0,74.6484533103845,1996,2024,78.0,1661.0,78.0,11.060627177700349,1,29,29.0,5,1603.4,5,83.2,5,-1
Rory,Boy,29,0,1.0,1588.0,2024,1.0,754.1379310344828,586.0,21870.0,427.1751416745653,0.5664416601994693,35.25,331.0,-98.0,88.66817153216336,1996,2024,601.0,1588.0,601.0,2.0437516305765717,1,29,29.0,5,1463.6,5,498.4,5,-1
Lucas,Boy,29,0,1.0,3276.0,2009,0.4642857142857143,1691.7586206896551,1782.0,49061.0,884.4574278822179,0.5228035590098922,48.142857142857146,1173.0,-348.0,286.86429273958026,1996,2024,202.0,1550.0,202.0,2.499404647589783,1,29,29.0,5,1775.2,5,393.0,0,-1
Thomas,Boy,29,0,1.0,9603.0,1996,0.0,5548.068965517241,5353.0,160894.0,2483.421498673019,0.44761907505262816,-287.85714285714283,82.0,-899.0,234.09197128566404,1996,2024,9603.0,1543.0,9603.0,-0.6740411599625818,1,29,29.0,5,2089.4,5,9335.2,3,-1
William,Boy,29,0,1.0,5287.0,1999,0.10714285714285714,4068.344827586207,4499.0,117982.0,1209.63876841785,0.29732945944396305,-98.28571428571429,578.0,-624.0,294.4873095910995,1996,2024,4269.0,1517.0,4269.0,-0.45604372794575526,1,29,29.0,5,1835.0,5,4747.6,6,-1
Louie,Boy,29,0,1.0,1516.0,2024,1.0,835.9310344827586,832.0,24242.0,446.930522335946,0.5346499937192656,50.142857142857146,378.0,-154.0,99.99132615443425,1996,2024,112.0,1516.0,112.0,3.2525,1,29,29.0,5,1417.2,5,202.2,5,-1
Teddy,Boy,29,0,1.0,2030.0,2022,0.9285714285714286,716.5862068965517,268.0,20781.0,723.810106419203,1.0100809915863955,53.07142857142857,413.0,-343.0,141.2914739545345,1996,2024,20.0,1506.0,20.0,28.9682,1,29,29.0,5,1745.0,5,30.2,5,-1
Jacob,Boy,29,0,1.0,5286.0,2012,0.5714285714285714,3232.896551724138,3057.0,93754.0,1064.250532626132,0.32919411914326674,-27.321428571428573,1094.0,-738.0,372.3556339203758,1996,2024,2249.0,1484.0,2249.0,0.11172022684310019,1,29,29.0,5,1935.4,5,2561.4,6,-1
Edward,Boy,29,0,1.0,2593.0,2015,0.6785714285714286,1834.896551724138,1751.0,53212.0,340.9783434145995,0.18582973688309753,-7.035714285714286,192.0,-374.0,136.1389736741879,1996,2024,1658.0,1461.0,1658.0,0.2769526248399487,1,29,29.0,5,1626.2,5,1641.2,1,-1
Roman,Boy,29,0,1.0,1923.0,2021,0.8928571428571429,572.7241379310345,315.0,16609.0,580.2733539284992,1.0131812429361475,50.964285714285715,661.0,-283.0,151.9932992279728,1996,2024,27.0,1454.0,27.0,18.11827242524917,1,29,29.0,5,1654.8,5,30.0,5,-1
Reuben,Boy,29,0,1.0,1534.0,2021,0.8928571428571429,866.2758620689655,931.0,25122.0,474.53867954348834,0.5477916450426384,45.785714285714285,195.0,-119.0,78.86306266599861,1996,2024,160.0,1442.0,160.0,4.253022670025188,1,29,29.0,5,1429.2,5,198.0,5,-1
Adam,Boy,29,0,1.0,4538.0,1996,0.0,2477.7586206896553,2088.0,71855.0,971.7301901380258,0.39218113581522157,-111.71428571428571,120.0,-466.0,143.01944351901875,1996,2024,4538.0,1410.0,4538.0,-0.5828868041055201,1,29,29.0,5,1390.6,5,4051.8,2,-1
Alexander,Boy,29,0,1.0,4840.0,1996,0.0,2949.137931034483,2981.0,85525.0,844.5497361535902,0.2863717316393349,-124.10714285714286,141.0,-509.0,156.68994390326446,1996,2024,4840.0,1365.0,4840.0,-0.4580322209436134,1,29,29.0,5,1642.2,5,4303.8,2,-1
Isaac,Boy,29,0,1.0,2829.0,2015,0.6785714285714286,1694.103448275862,1762.0,49129.0,740.4392612789261,0.4370685048970843,31.428571428571427,429.0,-257.0,180.48850944261335,1996,2024,480.0,1360.0,480.0,1.7804079287561048,1,29,29.0,5,1733.2,5,636.6,0,-1
Tommy,Boy,29,0,1.0,2013.0,2020,0.8571428571428571,872.4137931034483,452.0,25300.0,569.2402387963474,0.6524888112685405,38.464285714285715,614.0,-305.0,193.47083245338067,1996,2024,247.0,1324.0,247.0,3.101907356948229,1,29,29.0,5,1738.2,5,343.6,5,-1
James,Boy,29,0,1.0,9853.0,1997,0.03571428571428571,4892.3448275862065,4544.0,141878.0,2429.2759141976508,0.4965463391909378,-290.4642857142857,594.0,-1259.0,339.7735046156123,1996,2024,9385.0,1252.0,9385.0,-0.7031138335885656,1,29,29.0,5,1593.0,5,8934.4,3,-1
Reggie,Boy,29,0,1.0,1356.0,2018,0.7857142857142857,506.3448275862069,264.0,14684.0,508.9260007087318,1.0050976587137852,42.07142857142857,375.0,-128.0,92.02830642619405,1996,2024,16.0,1194.0,16.0,40.552964426877466,1,29,29.0,5,1190.8,5,20.6,5,-1
Max,Boy,29,0,1.0,3220.0,2012,0.5714285714285714,2062.310344827586,2121.0,59807.0,573.1922168689936,0.2779369352952132,-1.8571428571428572,587.0,-384.0,213.6097433381249,1996,2024,1192.0,1140.0,1192.0,0.03317422434367538,1,29,29.0,5,1421.6,5,1415.8,0,-1
Sebastian,Boy,29,0,1.0,1990.0,2016,0.7142857142857143,1138.2068965517242,1116.0,33008.0,572.031369968728,0.5025723984819774,25.75,251.0,-286.0,126.59401503569252,1996,2024,395.0,1116.0,395.0,2.410041841004184,1,29,29.0,5,1357.8,5,410.6,1,-1
Hugo,Boy,29,0,1.0,1329.0,2019,0.8214285714285714,647.551724137931,394.0,18779.0,464.1072695718536,0.7167107310071757,33.92857142857143,276.0,-133.0,83.92170184652076,1996,2024,144.0,1094.0,144.0,5.568664688427299,1,29,29.0,5,1196.4,5,166.6,5,-1
Louis,Boy,29,0,1.0,1976.0,2004,0.2857142857142857,1237.8620689655172,1205.0,35898.0,313.4123343454391,0.2531884142854124,-0.2857142857142857,348.0,-365.0,168.35758227714035,1996,2024,1100.0,1092.0,1100.0,-0.31108974358974356,1,29,29.0,5,1187.6,5,1354.2,1,-1
Ethan,Boy,29,0,1.0,4581.0,2011,0.5357142857142857,2668.7586206896553,2940.0,77394.0,1131.51862115119,0.42398687254030687,17.214285714285715,803.0,-649.0,365.0719456630489,1996,2024,604.0,1086.0,604.0,-0.24845784784098693,1,29,29.0,5,1280.8,5,1474.0,0,-1
Ronnie,Boy,29,0,1.0,1285.0,2021,0.8928571428571429,567.0689655172414,453.0,16445.0,399.27139944675633,0.704096721432407,35.464285714285715,180.0,-179.0,80.29831973996234,1996,2024,66.0,1059.0,66.0,7.2138648180242635,1,29,29.0,5,1168.8,5,83.8,5,-1
Joshua,Boy,29,0,1.0,8190.0,2003,0.25,5006.517241379311,5217.0,145189.0,2329.3684007160523,0.46526722837656787,-245.0,988.0,-656.0,302.7291339984121,1996,2024,7887.0,1027.0,7887.0,-0.6999217425329334,1,29,29.0,5,1514.0,5,7525.8,3,-1
Sonny,Boy,29,0,1.0,1022.0,2024,1.0,518.2068965517242,560.0,15028.0,238.57903762446708,0.4603934050512074,31.964285714285715,134.0,-107.0,52.56457399024091,1996,2024,127.0,1022.0,127.0,2.3910962429233145,1,29,29.0,5,852.6,5,152.8,5,-1
Harrison,Boy,29,0,1.0,2241.0,2015,0.6785714285714286,1584.7586206896551,1643.0,45958.0,492.64512338812153,0.3108644540287986,11.571428571428571,283.0,-297.0,158.06473099231678,1996,2024,663.0,987.0,663.0,0.4573398712840942,1,29,29.0,5,1205.8,5,872.2,1,-1
Mohammad,Boy,29,0,1.0,1125.0,2012,0.5714285714285714,893.448275862069,900.0,25910.0,152.6362785562794,0.17083952443582023,14.964285714285714,151.0,-140.0,72.18353697488148,1996,2024,567.0,986.0,567.0,0.14556362020441413,1,29,29.0,5,827.0,5,658.8,1,-1
Frederick,Boy,29,0,1.0,1017.0,2021,0.8928571428571429,685.0344827586207,669.0,19866.0,214.77534096539443,0.3135248609683096,21.5,131.0,-131.0,48.08066139312145,1996,2024,362.0,964.0,362.0,1.203521681997372,1,29,29.0,5,937.0,5,381.6,1,-1
Joseph,Boy,29,0,1.0,6193.0,1996,0.0,3526.1724137931033,3496.0,102259.0,1617.5602758894497,0.4587297744041507,-187.39285714285714,464.0,-621.0,217.75319241315947,1996,2024,6193.0,946.0,6193.0,-0.6905571657309634,1,29,29.0,5,1168.4,5,5833.0,2,-1
Albert,Boy,29,0,1.0,1264.0,2018,0.7857142857142857,545.1379310344828,353.0,15809.0,417.5303188774754,0.7659168351854504,28.75,198.0,-83.0,70.14863047232538,1996,2024,110.0,915.0,110.0,8.37141463414634,1,29,29.0,5,1028.8,5,106.6,5,-1
Frankie,Boy,29,0,1.0,1118.0,2019,0.8214285714285714,604.4137931034483,596.0,17528.0,380.7127179420905,0.6298875410954259,28.428571428571427,290.0,-154.0,85.25567788860104,1996,2024,115.0,911.0,115.0,5.521991084695395,1,29,29.0,5,883.4,5,108.0,5,-1
Daniel,Boy,29,0,1.0,10338.0,1996,0.0,4168.9655172413795,4330.0,120900.0,2467.604373403185,0.5918984849354207,-337.89285714285717,361.0,-1315.0,372.09516249069884,1996,2024,10338.0,877.0,10338.0,-0.7819775729354747,1,29,29.0,5,1042.0,5,8056.2,3,-1
Samuel,Boy,29,0,1.0,6367.0,1997,0.03571428571428571,3741.551724137931,4144.0,108505.0,1810.86973933573,0.48398896309604317,-189.42857142857142,600.0,-541.0,212.44855319606683,1996,2024,6161.0,857.0,6161.0,-0.7260496517374216,1,29,29.0,5,1021.2,5,6104.6,3,-1
Benjamin,Boy,29,0,1.0,5144.0,2004,0.2857142857142857,3117.655172413793,3005.0,90412.0,1369.6320491502283,0.43931479698885795,-141.57142857142858,857.0,-730.0,262.52543122679816,1996,2024,4805.0,841.0,4805.0,-0.6669082864606624,1,29,29.0,5,1172.8,5,4601.2,2,-1
Mason,Boy,29,0,1.0,2724.0,2013,0.6071428571428571,1342.5862068965516,1370.0,38935.0,692.7390670246367,0.5159736212588794,17.357142857142858,459.0,-355.0,206.98295552424364,1996,2024,320.0,806.0,320.0,1.7928961748633878,1,29,29.0,5,1236.0,5,432.4,1,-1
David,Boy,29,0,1.0,2517.0,1996,0.0,1305.2413793103449,1188.0,37852.0,379.50563624658474,0.2907551371433731,-61.75,185.0,-351.0,111.23772002851756,1996,2024,2517.0,788.0,2517.0,-0.3247466384049811,1,29,29.0,5,914.2,5,1986.2,4,-1
Dylan,Boy,29,0,1.0,3373.0,2008,0.42857142857142855,2097.793103448276,1903.0,60836.0,841.3397517551825,0.40105945165527473,-14.214285714285714,799.0,-407.0,235.59974489782107,1996,2024,1186.0,788.0,1186.0,-0.3834235489576076,1,29,29.0,5,956.8,5,1506.4,0,-1
Zachary,Boy,29,0,1.0,1780.0,2013,0.6071428571428571,1012.4827586206897,994.0,29362.0,444.76344899823295,0.4392800225103452,6.642857142857143,370.0,-285.0,129.37769025103933,1996,2024,574.0,760.0,574.0,1.3282567252700699,1,29,29.0,5,988.8,5,529.0,1,-1
Liam,Boy,29,0,1.0,5802.0,1996,0.0,2085.5862068965516,2063.0,60482.0,1387.3726475817614,0.6652195162175703,-180.46428571428572,864.0,-1257.0,434.05155076844255,1996,2024,5802.0,749.0,5802.0,-0.7990498812351544,1,29,29.0,5,726.0,5,4441.2,2,-1
Kai,Boy,29,0,1.0,1308.0,2010,0.5,842.4827586206897,799.0,24432.0,264.93650777310916,0.314471133162253,18.678571428571427,296.0,-144.0,119.03182454747991,1996,2024,212.0,735.0,212.0,-0.053049429657794724,1,29,29.0,5,689.0,5,488.8,1,-1
Gabriel,Boy,29,0,1.0,1022.0,2018,0.7857142857142857,709.6896551724138,818.0,20581.0,237.64782745269218,0.3348616197525909,19.321428571428573,154.0,-139.0,70.81971757892842,1996,2024,189.0,730.0,189.0,1.2668354430379747,1,29,29.0,5,809.6,5,318.0,1,-1
Caleb,Boy,29,0,1.0,853.0,2017,0.75,536.3103448275862,648.0,15553.0,223.40532260634842,0.4165597862524339,19.142857142857142,151.0,-84.0,62.049354944105524,1996,2024,177.0,713.0,177.0,2.0422708618331056,1,29,29.0,5,722.4,5,228.0,1,-1
Logan,Boy,29,0,1.0,2813.0,2014,0.6428571428571429,1405.896551724138,1232.0,40771.0,940.3183739940787,0.6688389503771868,20.964285714285715,489.0,-512.0,247.70770247884286,1996,2024,111.0,698.0,111.0,4.104486540378864,1,29,29.0,5,1050.6,5,144.6,1,-1
Riley,Boy,29,0,1.0,4825.0,2012,0.5714285714285714,1309.8620689655172,917.0,37986.0,1197.3481827063515,0.9141024929838413,23.321428571428573,1536.0,-1703.0,531.4241683285335,1996,2024,32.0,685.0,32.0,3.329113924050633,1,29,29.0,5,740.6,5,80.8,0,-1
Bobby,Boy,29,0,1.0,1186.0,2012,0.5714285714285714,582.8965517241379,615.0,16904.0,333.03601801975447,0.5713466944257501,18.785714285714285,350.0,-208.0,124.13568530985334,1996,2024,126.0,652.0,126.0,3.8942857142857137,1,29,29.0,5,699.2,5,108.0,1,-1
Michael,Boy,29,0,1.0,4187.0,1996,0.0,1623.2758620689656,1364.0,47075.0,924.488335524472,0.5695201642105084,-127.17857142857143,39.0,-645.0,160.64580683946295,1996,2024,4187.0,626.0,4187.0,-0.7002549471895108,1,29,29.0,5,672.2,5,3337.4,2,-1
Toby,Boy,29,0,1.0,1477.0,2007,0.39285714285714285,1120.0689655172414,1200.0,32482.0,275.9931197336433,0.24640725547305142,-5.0,208.0,-215.0,92.66144212747207,1996,2024,761.0,621.0,761.0,0.14327868852459005,1,29,29.0,5,818.0,5,750.2,1,-1
Nathan,Boy,29,0,1.0,3211.0,1998,0.07142857142857142,1615.8620689655172,1571.0,46860.0,893.6336410539308,0.5530383181938539,-76.67857142857143,239.0,-351.0,149.48293107801126,1996,2024,2744.0,597.0,2744.0,-0.7610143136238587,1,29,29.0,5,550.6,5,2932.8,4,-1
Ellis,Boy,29,0,1.0,876.0,2006,0.35714285714285715,667.5172413793103,660.0,19358.0,102.08435345328989,0.15293141079374972,4.571428571428571,122.0,-138.0,62.052068327119194,1996,2024,443.0,571.0,443.0,0.1519259536275244,1,29,29.0,5,612.0,5,532.8,1,-1
Elliot,Boy,29,0,1.0,1045.0,1997,0.03571428571428571,808.6206896551724,797.0,23450.0,114.28832679195057,0.1413373764164847,-12.821428571428571,146.0,-132.0,74.01016029256127,1996,2024,919.0,560.0,919.0,-0.09686936356609126,1,29,29.0,5,632.6,5,924.4,4,-1
Leon,Boy,29,0,1.0,1204.0,2010,0.5,769.2413793103449,765.0,22308.0,194.70094755138672,0.25310774067555203,2.5357142857142856,231.0,-151.0,74.48464949373181,1996,2024,474.0,545.0,474.0,-0.0492125984251969,1,29,29.0,5,582.4,5,564.4,1,-1
Stanley,Boy,29,0,1.0,1078.0,2015,0.6785714285714286,563.9310344827586,582.0,16354.0,318.874413830087,0.5654493091031261,14.821428571428571,155.0,-171.0,72.11055677194003,1996,2024,108.0,523.0,108.0,3.650387096774193,1,29,29.0,5,637.8,5,131.8,1,-1
Blake,Boy,29,0,1.0,1106.0,2014,0.6428571428571429,563.3448275862069,583.0,16337.0,300.2238562349043,0.5329308827087118,12.607142857142858,215.0,-152.0,103.5792792591102,1996,2024,154.0,507.0,154.0,2.416051364365971,1,29,29.0,5,597.8,5,176.2,1,-1
Jayden,Boy,29,0,1.0,2667.0,2009,0.4642857142857143,997.2758620689655,760.0,28921.0,799.0699721875695,0.8012526950464893,14.321428571428571,993.0,-376.0,259.415696954773,1996,2024,75.0,476.0,75.0,1.6963503649635034,1,29,29.0,5,531.4,5,129.2,1,-1
Harvey,Boy,29,0,1.0,2431.0,2005,0.32142857142857145,1229.2413793103449,1102.0,35648.0,665.908021771901,0.5417227511048341,2.2857142857142856,636.0,-379.0,211.36391385861648,1996,2024,401.0,465.0,401.0,-0.3160582465365558,1,29,29.0,5,542.8,5,585.6,1,-1
Charles,Boy,29,0,1.0,1868.0,1998,0.07142857142857142,1141.0689655172414,1152.0,33091.0,393.80031094316047,0.3451152584494773,-45.92857142857143,138.0,-240.0,81.79937502879861,1996,2024,1738.0,452.0,1738.0,-0.549902982393101,1,29,29.0,5,542.4,5,1713.0,4,-1
Patrick,Boy,29,0,1.0,1039.0,1996,0.0,605.4827586206897,535.0,17559.0,169.0116545031947,0.2791353710685487,-21.0,58.0,-91.0,45.0832563153994,1996,2024,1039.0,451.0,1039.0,-0.41301719505642126,1,29,29.0,5,447.0,5,912.4,4,-1
Elliott,Boy,29,0,1.0,938.0,2015,0.6785714285714286,584.9655172413793,548.0,16964.0,160.45699450881358,0.27430162937724556,-7.285714285714286,192.0,-106.0,66.42764976319141,1996,2024,645.0,441.0,645.0,0.3158190867777537,1,29,29.0,5,525.2,5,588.4,1,-1
Billy,Boy,29,0,1.0,955.0,2005,0.32142857142857145,641.6551724137931,617.0,18608.0,170.83027993365712,0.26623377676677,-17.142857142857142,196.0,-130.0,62.251628943526036,1996,2024,914.0,434.0,914.0,-0.4296943832599119,1,29,29.0,5,453.4,5,842.8,1,-1
Ryan,Boy,29,0,1.0,6496.0,1996,0.0,2368.689655172414,2398.0,68692.0,1704.3896693729982,0.7195495896438733,-217.14285714285714,231.0,-865.0,277.2877198720432,1996,2024,6496.0,416.0,6496.0,-0.8532576691748245,1,29,29.0,5,499.4,5,5294.0,2,-1
Jenson,Boy,29,0,1.0,1284.0,2012,0.5714285714285714,513.1034482758621,417.0,14880.0,413.91706189288743,0.8066931985815682,14.0,318.0,-229.0,137.7059496587877,1996,2024,4.0,396.0,4.0,8.85049365303244,1,29,29.0,5,531.0,5,24.6,1,-1
Luke,Boy,29,0,1.0,5664.0,1996,0.0,2491.2758620689656,2090.0,72247.0,1733.6157927878853,0.695874679790838,-188.46428571428572,124.0,-543.0,158.0911767084464,1996,2024,5664.0,387.0,5664.0,-0.8566420795484192,1,29,29.0,5,475.6,5,5119.4,2,-1
Aiden,Boy,29,0,1.0,1077.0,2011,0.5357142857142857,539.7931034482758,485.0,15654.0,190.70565500002695,0.3532939820493664,0.39285714285714285,302.0,-252.0,93.998229195218,1996,2024,354.0,365.0,354.0,0.19858529819694878,1,29,29.0,5,423.8,5,379.8,1,-1
Harley,Boy,29,0,1.0,1543.0,2012,0.5714285714285714,761.8965517241379,771.0,22095.0,456.1296204783948,0.5986765781341231,6.071428571428571,405.0,-268.0,148.4226418449857,1996,2024,186.0,356.0,186.0,2.1038984587488665,1,29,29.0,5,462.4,5,167.0,1,-1
Matthew,Boy,29,0,1.0,7443.0,1997,0.03571428571428571,2790.7241379310344,1984.0,80931.0,2252.3614565155103,0.8070885351589601,-252.53571428571428,113.0,-1019.0,250.49258360034435,1996,2024,7426.0,355.0,7426.0,-0.8793104116598186,1,29,29.0,5,436.4,5,6734.8,2,-1
Robert,Boy,29,0,1.0,2644.0,1996,0.0,946.9655172413793,719.0,27462.0,602.3490500708739,0.6360834044153865,-82.28571428571429,4.0,-363.0,92.95500337830785,1996,2024,2644.0,340.0,2644.0,-0.7238509316770186,1,29,29.0,5,378.8,5,2103.6,4,-1
Aaron,Boy,29,0,1.0,2512.0,1998,0.07142857142857142,1254.0,1326.0,36366.0,679.7713104292933,0.5420823847123551,-77.78571428571429,126.0,-361.0,108.14056895107046,1996,2024,2511.0,333.0,2511.0,-0.74608467590858,1,29,29.0,5,410.4,5,2328.0,4,-1
Owen,Boy,29,0,1.0,2349.0,2002,0.21428571428571427,1155.7586206896551,839.0,33517.0,703.8281361130033,0.6089750260249156,-7.285714285714286,1083.0,-704.0,306.89770947602824,1996,2024,536.0,332.0,536.0,-0.7398867107942975,1,29,29.0,5,374.8,5,1388.6,4,-1
Dominic,Boy,29,0,1.0,1519.0,1996,0.0,706.2068965517242,573.0,20480.0,289.51438286114916,0.4099568897936194,-43.142857142857146,97.0,-337.0,79.98201328411027,1996,2024,1519.0,311.0,1519.0,-0.5156546489563567,1,29,29.0,5,433.8,5,1247.0,4,-1
John,Boy,29,0,1.0,1649.0,1996,0.0,766.7931034482758,690.0,22237.0,343.2850810172054,0.4476893173314277,-48.035714285714285,75.0,-210.0,58.09197273219741,1996,2024,1649.0,304.0,1649.0,-0.6356939434213025,1,29,29.0,5,343.6,5,1339.8,4,-1
Alex,Boy,29,0,1.0,1762.0,1996,0.0,1128.5862068965516,1293.0,32729.0,461.59890913345816,0.40900633581442414,-52.392857142857146,272.0,-230.0,108.4499026166046,1996,2024,1762.0,295.0,1762.0,-0.6393780234968901,1,29,29.0,5,413.8,5,1626.0,4,-1
Evan,Boy,29,0,1.0,973.0,2009,0.4642857142857143,501.2068965517241,451.0,14535.0,237.66382796894308,0.47418307609902643,4.035714285714286,206.0,-127.0,71.2437877707128,1996,2024,169.0,282.0,169.0,0.310022026431718,1,29,29.0,5,326.8,5,206.2,1,-1
Finlay,Boy,29,0,1.0,1343.0,2007,0.39285714285714285,616.5172413793103,504.0,17879.0,371.5193985458071,0.6026099087101295,7.214285714285714,240.0,-176.0,105.18295528094204,1996,2024,78.0,280.0,78.0,-0.26864525139664797,1,29,29.0,5,282.0,5,232.6,1,-1
Jake,Boy,29,0,1.0,4331.0,1996,0.0,2306.7586206896553,2510.0,66896.0,1214.1888353723753,0.5263614599647046,-145.03571428571428,789.0,-637.0,278.993149191729,1996,2024,4331.0,270.0,4331.0,-0.7516021230587773,1,29,29.0,5,423.6,5,3801.2,2,-1
Christopher,Boy,29,0,1.0,3483.0,1996,0.0,925.8275862068965,633.0,26849.0,817.114015973946,0.8825768730025116,-115.57142857142857,36.0,-562.0,161.57736505451248,1996,2024,3483.0,247.0,3483.0,-0.824726245143059,1,29,29.0,5,274.4,5,2493.8,4,-1
Kian,Boy,29,0,1.0,1126.0,2007,0.39285714285714285,609.1724137931035,654.0,17666.0,372.1822012981533,0.6109636498158295,7.714285714285714,483.0,-458.0,175.9130989078043,1996,2024,31.0,247.0,31.0,-0.32173076923076926,1,29,29.0,5,261.4,5,168.0,1,-1
Joel,Boy,29,0,1.0,978.0,2005,0.32142857142857145,655.3103448275862,766.0,19004.0,225.67173343663333,0.34437383022849755,-19.75,135.0,-125.0,62.990149456652574,1996,2024,793.0,240.0,793.0,-0.538403294367694,1,29,29.0,5,285.4,5,800.8,1,-1
Nicholas,Boy,29,0,1.0,1385.0,1996,0.0,551.1379310344828,448.0,15983.0,289.9194566079643,0.5260379304029885,-41.035714285714285,52.0,-184.0,56.29354323724953,1996,2024,1385.0,236.0,1385.0,-0.6252879256965943,1,29,29.0,5,278.4,5,1117.0,4,-1
Jordan,Boy,29,0,1.0,5750.0,1996,0.0,1267.2413793103449,290.0,36750.0,1774.8558106597222,1.4005664900444066,-197.03571428571428,41.0,-1155.0,325.273454424214,1996,2024,5750.0,233.0,5750.0,-0.9262290313196936,1,29,29.0,5,243.6,5,4931.4,2,-1
Tyler,Boy,29,0,1.0,3125.0,2012,0.5714285714285714,1453.1379310344828,1235.0,42141.0,848.0116591642346,0.5835727229008045,-27.642857142857142,605.0,-1104.0,315.37327252068803,1996,2024,1007.0,233.0,1007.0,-0.6696400173485615,1,29,29.0,5,302.2,5,1187.6,1,-1
Cameron,Boy,29,0,1.0,3181.0,1999,0.10714285714285714,1392.896551724138,1191.0,40394.0,1044.9205990236633,0.7501781792267722,-55.82142857142857,526.0,-464.0,227.73528705360476,1996,2024,1791.0,228.0,1791.0,-0.8857622064852777,1,29,29.0,5,260.6,5,2581.4,4,-1
Lewis,Boy,29,0,1.0,4916.0,1999,0.10714285714285714,2398.448275862069,2565.0,69555.0,1604.2415457093068,0.6688664341250794,-119.32142857142857,496.0,-530.0,265.74316999305773,1996,2024,3569.0,228.0,3569.0,-0.8654656059897052,1,29,29.0,5,349.8,5,4328.4,2,-1
Jamie,Boy,29,0,1.0,2688.0,1996,0.0,1422.1724137931035,1528.0,41243.0,876.3859199110352,0.6162304312833699,-88.14285714285714,72.0,-375.0,113.67834141173265,1996,2024,2688.0,220.0,2688.0,-0.8294685554452765,1,29,29.0,5,277.2,5,2537.4,4,-1
Callum,Boy,29,0,1.0,5600.0,1998,0.07142857142857142,2268.8275862068967,2044.0,65796.0,1795.613257434207,0.791427814237826,-145.82142857142858,854.0,-882.0,362.585561682779,1996,2024,4281.0,198.0,4281.0,-0.9102179286687182,1,29,29.0,5,248.2,5,5025.0,2,-1
Bailey,Boy,29,0,1.0,1079.0,2007,0.39285714285714285,552.2068965517242,530.0,16014.0,290.08778449127817,0.5253244504962574,3.0357142857142856,229.0,-140.0,104.97226917580835,1996,2024,109.0,194.0,109.0,-0.5070583596214511,1,29,29.0,5,198.6,5,411.2,1,-1
Aidan,Boy,29,0,1.0,901.0,2004,0.2857142857142857,578.4827586206897,680.0,16776.0,237.7675800367408,0.4110193026386197,-17.642857142857142,174.0,-148.0,71.41439144964025,1996,2024,680.0,186.0,680.0,-0.6097287989668533,1,29,29.0,5,234.4,5,722.6,1,-1
Connor,Boy,29,0,1.0,5155.0,1998,0.07142857142857142,1830.0689655172414,1670.0,53072.0,1489.745058750437,0.8140376602306805,-172.57142857142858,265.0,-1369.0,285.22590402439016,1996,2024,5009.0,177.0,5009.0,-0.8969512924844424,1,29,29.0,5,237.2,5,4433.6,2,-1
Jonathan,Boy,29,0,1.0,1881.0,1996,0.0,594.8620689655172,429.0,17251.0,461.4870061411249,0.7757882544833704,-61.892857142857146,34.0,-236.0,78.33414657994408,1996,2024,1881.0,148.0,1881.0,-0.8157744059547667,1,29,29.0,5,171.6,5,1464.2,4,-1
Andrew,Boy,29,0,1.0,2676.0,1996,0.0,695.4827586206897,448.0,20169.0,634.3681961790206,0.9121264162423323,-90.5,34.0,-456.0,122.09671225244824,1996,2024,2676.0,142.0,2676.0,-0.855832570905764,1,29,29.0,5,156.6,5,1893.6,4,-1
Morgan,Boy,29,0,1.0,1343.0,1999,0.10714285714285714,551.5172413793103,448.0,15994.0,375.14609758109043,0.6802073796330889,-5.821428571428571,619.0,-136.0,151.48292067128241,1996,2024,294.0,131.0,294.0,-0.8102772466539198,1,29,29.0,5,127.4,5,842.8,4,-1
Sam,Boy,29,0,1.0,1638.0,1996,0.0,720.3103448275862,692.0,20889.0,469.644333765257,0.6520027612232493,-53.82142857142857,246.0,-218.0,78.60936584122265,1996,2024,1638.0,131.0,1638.0,-0.8350708458565907,1,29,29.0,5,154.6,5,1445.4,4,-1
Rhys,Boy,29,0,1.0,1600.0,2008,0.42857142857142855,842.0,1037.0,24418.0,490.76583361953374,0.5828572845837693,-40.535714285714285,349.0,-392.0,126.43956267800075,1996,2024,1259.0,124.0,1259.0,-0.8071201694017999,1,29,29.0,5,166.2,5,1301.0,1,-1
Bradley,Boy,29,0,1.0,2745.0,1997,0.03571428571428571,1042.4137931034484,668.0,30230.0,846.0214604452349,0.8115984900070066,-87.07142857142857,188.0,-345.0,116.38358026415084,1996,2024,2557.0,119.0,2557.0,-0.8912876825857247,1,29,29.0,5,141.2,5,2471.6,4,-1
Jay,Boy,29,0,1.0,983.0,2001,0.17857142857142858,504.7586206896552,531.0,14638.0,320.266877417118,0.6344951117021739,-20.035714285714285,136.0,-162.0,60.4881819288795,1996,2024,639.0,78.0,639.0,-0.8406955618998183,1,29,29.0,5,88.6,5,773.4,4,-1
Ben,Boy,29,0,1.0,3190.0,2002,0.21428571428571427,1253.655172413793,924.0,36356.0,1071.4735993935567,0.8546796782487938,-80.53571428571429,787.0,-545.0,223.40457888625946,1996,2024,2332.0,77.0,2332.0,-0.9340694139503463,1,29,29.0,5,109.8,5,2485.8,4,-1
Reece,Boy,29,0,1.0,1811.0,1996,0.0,838.9310344827586,771.0,24329.0,626.9539350088393,0.7473247612008853,-62.392857142857146,55.0,-229.0,70.0231284677296,1996,2024,1811.0,64.0,1811.0,-0.9054010954725092,1,29,29.0,5,95.6,5,1711.6,4,-1
Sean,Boy,29,0,1.0,1594.0,1996,0.0,517.448275862069,391.0,15006.0,434.7180288025709,0.8401188081617058,-54.82142857142857,82.0,-206.0,72.30888780158384,1996,2024,1594.0,59.0,1594.0,-0.9054269250916711,1,29,29.0,5,73.2,5,1248.6,4,-1
Kyle,Boy,29,0,1.0,2205.0,1997,0.03571428571428571,981.4827586206897,892.0,28463.0,759.1270222496571,0.7734491671728229,-71.03571428571429,167.0,-448.0,140.716148464828,1996,2024,2046.0,57.0,2046.0,-0.9211207650591872,1,29,29.0,5,71.8,5,1982.2,4,-1
Brandon,Boy,29,0,1.0,2298.0,1999,0.10714285714285714,910.5172413793103,697.0,26405.0,784.3373051968296,0.8614194982279135,-45.75,847.0,-314.0,192.6658144856751,1996,2024,1337.0,56.0,1337.0,-0.9350034916201118,1,29,29.0,5,66.6,5,2034.0,4,-1
Kieran,Boy,29,0,1.0,2882.0,1996,0.0,1049.2758620689656,723.0,30429.0,1005.582551920878,0.9583586054653607,-100.92857142857143,120.0,-485.0,140.5730436899084,1996,2024,2882.0,56.0,2882.0,-0.9568854806670671,1,29,29.0,5,64.2,5,2745.8,4,-1
Joe,Boy,29,0,1.0,1567.0,1996,0.0,660.8275862068965,596.0,19164.0,501.0441558740636,0.758207082046955,-54.42857142857143,115.0,-243.0,73.52959975966363,1996,2024,1567.0,43.0,1567.0,-0.8987654320987654,1,29,29.0,5,76.0,5,1386.2,4,-1
Olivia,Girl,29,0,1.0,5325.0,2008,0.42857142857142855,4245.0,4546.0,123105.0,828.0415615089661,0.1950627942306163,10.892857142857142,1700.0,-704.0,492.01722815987085,1996,2024,2456.0,2761.0,2456.0,0.04650372006510111,1,29,29.0,5,3249.0,5,3718.2,6,-1
Amelia,Girl,29,0,1.0,7061.0,2012,0.5714285714285714,3269.448275862069,3164.0,94814.0,1474.2673829024811,0.45092237543160246,54.25,2007.0,-1491.0,566.1522779126781,1996,2024,929.0,2448.0,929.0,1.1915920331506484,1,29,29.0,5,2895.6,5,1264.6,6,-1
Lily,Girl,29,0,1.0,4761.0,2011,0.5357142857142857,2511.7241379310344,2290.0,72840.0,1085.0160938438282,0.43198059749411066,54.785714285714285,604.0,-959.0,367.9661627633382,1996,2024,651.0,2185.0,651.0,0.6874549387166546,1,29,29.0,5,2217.6,5,875.2,0,-1
Isla,Girl,29,0,1.0,4012.0,2014,0.6428571428571429,1787.7931034482758,2056.0,51846.0,1373.9244415130404,0.7685030437040113,70.32142857142857,652.0,-538.0,286.44309501831856,1996,2024,87.0,2056.0,87.0,18.679726651480635,1,29,29.0,5,2487.6,5,101.4,0,-1
Ivy,Girl,29,0,1.0,2245.0,2021,0.8928571428571429,803.551724137931,220.0,23303.0,881.2688574145528,1.0967170263494843,69.32142857142857,323.0,-198.0,120.93653990284935,1996,2024,15.0,1956.0,15.0,90.57382198952881,1,29,29.0,5,2111.8,5,13.6,5,-1
Florence,Girl,29,0,1.0,2180.0,2021,0.8928571428571429,1134.7586206896551,1177.0,32908.0,773.0144601035171,0.681214882186763,61.0,389.0,-209.0,117.42353134821705,1996,2024,228.0,1936.0,228.0,6.41701346389229,1,29,29.0,5,1989.8,5,254.2,5,-1
Freya,Girl,29,0,1.0,2619.0,2011,0.5357142857142857,1743.5862068965516,2021.0,50564.0,669.7046964889864,0.38409611973302366,54.82142857142857,394.0,-291.0,177.5819837973091,1996,2024,394.0,1929.0,394.0,1.4801143160973014,1,29,29.0,5,2069.2,5,536.4,0,-1
Poppy,Girl,29,0,1.0,3422.0,2013,0.6071428571428571,1820.7586206896551,1848.0,52802.0,881.052883268274,0.4838932922006732,48.25,480.0,-457.0,215.0306664176066,1996,2024,537.0,1888.0,537.0,1.922218831069739,1,29,29.0,5,1834.0,5,530.6,0,-1
Ava,Girl,29,0,1.0,3779.0,2012,0.5714285714285714,1880.1724137931035,2293.0,54525.0,1370.7899828821467,0.7290767446782623,62.285714285714285,937.0,-404.0,297.63146640756645,1996,2024,30.0,1774.0,30.0,16.719597989949747,1,29,29.0,5,2274.4,5,67.0,0,-1
Elsie,Girl,29,0,1.0,1875.0,2018,0.7857142857142857,816.0689655172414,535.0,23666.0,741.031337744646,0.9080498941348235,60.714285714285715,316.0,-115.0,99.59161508841177,1996,2024,27.0,1727.0,27.0,32.71568627450981,1,29,29.0,5,1752.8,5,35.4,5,-1
Isabella,Girl,29,0,1.0,3464.0,2011,0.5357142857142857,2028.344827586207,2065.0,58822.0,900.1135666226088,0.44376752630062993,45.25,788.0,-346.0,235.42281492182164,1996,2024,441.0,1708.0,441.0,1.5035109407837801,1,29,29.0,5,1898.4,5,636.8,0,-1
Sofia,Girl,29,0,1.0,1728.0,2018,0.7857142857142857,1004.6896551724138,992.0,29136.0,610.5442514645707,0.6076943743984263,53.5,274.0,-95.0,84.10643766765334,1996,2024,128.0,1626.0,128.0,5.619211822660098,1,29,29.0,5,1602.0,5,184.2,5,-1
Sophia,Girl,29,0,1.0,2855.0,2012,0.5714285714285714,1618.4827586206898,1679.0,46936.0,820.0906855106668,0.5067033807697575,39.07142857142857,630.0,-304.0,184.0944882723133,1996,2024,516.0,1610.0,516.0,2.47289769683985,1,29,29.0,5,1829.8,5,561.0,0,-1
Mia,Girl,29,0,1.0,3524.0,2012,0.5714285714285714,2317.0689655172414,2539.0,67195.0,846.7048474480546,0.36542064998874296,43.285714285714285,909.0,-531.0,320.0939434807557,1996,2024,397.0,1609.0,397.0,0.40862544852332316,1,29,29.0,5,1917.6,5,766.0,0,-1
Maya,Girl,29,0,1.0,1592.0,2024,1.0,911.8965517241379,1061.0,26445.0,429.14496745453937,0.4706070734044864,51.67857142857143,337.0,-151.0,103.25940066904617,1996,2024,145.0,1592.0,145.0,2.6500148588410104,1,29,29.0,5,1403.4,5,281.6,5,-1
Phoebe,Girl,29,0,1.0,2116.0,2008,0.42857142857142855,1641.5862068965516,1634.0,47606.0,344.03703862764735,0.2095759803428512,22.821428571428573,347.0,-210.0,142.59659722734034,1996,2024,910.0,1549.0,910.0,0.4330120920083644,1,29,29.0,5,1562.2,5,1220.4,1,-1
Daisy,Girl,29,0,1.0,2797.0,2010,0.5,1703.5172413793102,1769.0,49402.0,525.6505080367435,0.3085677651322935,25.714285714285715,393.0,-339.0,197.13100378444085,1996,2024,828.0,1548.0,828.0,0.6266782822588911,1,29,29.0,5,1628.0,5,866.6,0,-1
Sienna,Girl,29,0,1.0,2211.0,2013,0.6071428571428571,1117.8620689655172,1386.0,32418.0,776.7453638647446,0.6948490206699239,54.142857142857146,586.0,-233.0,179.15011947002003,1996,2024,21.0,1537.0,21.0,22.12636887608069,1,29,29.0,5,1712.0,5,26.4,5,-1
Evelyn,Girl,29,0,1.0,1967.0,2017,0.75,927.9655172413793,723.0,26911.0,686.1064300046298,0.7393662989162151,51.142857142857146,279.0,-169.0,109.19370543269629,1996,2024,80.0,1512.0,80.0,10.327809798270893,1,29,29.0,5,1636.6,5,85.0,5,-1
Willow,Girl,29,0,1.0,2067.0,2021,0.8928571428571429,849.2068965517242,511.0,24627.0,740.5201983000658,0.8720138770740207,52.035714285714285,261.0,-352.0,121.92781299454465,1996,2024,24.0,1481.0,24.0,15.987978723404256,1,29,29.0,5,1846.0,5,43.8,5,-1
Harper,Girl,29,0,1.0,1796.0,2018,0.7857142857142857,544.2758620689655,37.0,15784.0,679.1491074182572,1.2478030990325306,52.17857142857143,357.0,-210.0,133.05988275193684,1996,2024,0.0,1461.0,0.0,651.815,1,29,29.0,5,1454.2,5,0.0,7,-1
Charlotte,Girl,29,0,1.0,5866.0,1996,0.0,3059.7586206896553,2596.0,88733.0,1305.715622393948,0.42673811377305504,-158.85714285714286,645.0,-466.0,190.90493413621087,1996,2024,5866.0,1418.0,5866.0,-0.604688192096981,1,29,29.0,5,1534.6,5,5313.8,2,-1
Rosie,Girl,29,0,1.0,2036.0,2019,0.8214285714285714,1225.9310344827586,1024.0,35552.0,390.7240785881835,0.318716198218309,18.821428571428573,420.0,-342.0,131.9028467069144,1996,2024,879.0,1406.0,879.0,0.9190889370932753,1,29,29.0,5,1732.6,5,811.4,5,-1
Grace,Girl,29,0,1.0,5026.0,2006,0.35714285714285715,2731.310344827586,2498.0,79208.0,1053.930479400907,0.3858699109007462,-1.1071428571428572,1373.0,-567.0,382.1266001214887,1996,2024,1421.0,1390.0,1421.0,-0.05497034521214566,1,29,29.0,5,1721.6,5,1699.4,0,-1
Millie,Girl,29,0,1.0,2421.0,2004,0.2857142857142857,1529.7586206896551,1499.0,44363.0,518.1712308635528,0.3387274461835996,33.25,552.0,-321.0,214.60605520015372,1996,2024,324.0,1255.0,324.0,0.19521231119977195,1,29,29.0,5,1413.0,5,708.0,1,-1
Evie,Girl,29,0,1.0,3469.0,2010,0.5,1824.9310344827586,1879.0,52923.0,1068.6734907007453,0.5855966447541072,38.0,697.0,-513.0,257.31206734236156,1996,2024,167.0,1231.0,167.0,2.5534937238493725,1,29,29.0,5,1515.6,5,249.4,0,-1
Matilda,Girl,29,0,1.0,1915.0,2016,0.7142857142857143,1033.2758620689656,1225.0,29965.0,539.3653292369445,0.5219954796553108,36.42857142857143,437.0,-179.0,139.03145290889822,1996,2024,200.0,1220.0,200.0,3.708096054888508,1,29,29.0,5,1326.6,5,260.8,5,-1
Emily,Girl,29,0,1.0,6760.0,1999,0.10714285714285714,4193.517241379311,4310.0,121612.0,1649.0725213698813,0.39324329112033807,-187.32142857142858,258.0,-647.0,242.56988000094628,1996,2024,6415.0,1170.0,6415.0,-0.6172960228103525,1,29,29.0,5,1550.4,5,6514.6,3,-1
Ella,Girl,29,0,1.0,3671.0,2007,0.39285714285714285,2381.103448275862,2465.0,69052.0,717.5094061537758,0.30133483140907574,-1.0357142857142858,731.0,-629.0,309.49526677004485,1996,2024,1137.0,1108.0,1137.0,-0.07706715395157608,1,29,29.0,5,1516.0,5,1575.6,0,-1
Ruby,Girl,29,0,1.0,4983.0,2007,0.39285714285714285,2086.9310344827586,1654.0,60521.0,1431.8611696099802,0.6861085229703644,20.071428571428573,1495.0,-594.0,470.40551871849493,1996,2024,458.0,1020.0,458.0,0.9410573193506679,1,29,29.0,5,1201.8,5,534.8,0,-1
Violet,Girl,29,0,1.0,1057.0,2021,0.8928571428571429,503.2413793103448,466.0,14594.0,401.58158488934157,0.7979899932705842,35.392857142857146,129.0,-48.0,46.41300563243814,1996,2024,19.0,1010.0,19.0,28.344186046511627,1,29,29.0,5,1024.0,5,24.6,5,-1
Maisie,Girl,29,0,1.0,2930.0,2010,0.5,1126.4827586206898,1072.0,32668.0,498.2096650933119,0.44227012023099194,23.464285714285715,1227.0,-700.0,334.85588394144145,1996,2024,335.0,992.0,335.0,0.5221134730081054,1,29,29.0,5,1085.2,5,543.2,0,-1
Emilia,Girl,29,0,1.0,1473.0,2019,0.8214285714285714,764.3793103448276,856.0,22167.0,459.2719436157927,0.6008429812269585,30.928571428571427,183.0,-225.0,92.12643818277627,1996,2024,95.0,961.0,95.0,4.382161396885323,1,29,29.0,5,1162.4,5,198.0,5,-1
Alice,Girl,29,0,1.0,2357.0,1996,0.0,1614.3103448275863,1554.0,46815.0,393.60176824037524,0.24382038404295378,-52.17857142857143,258.0,-295.0,149.59064465864085,1996,2024,2357.0,896.0,2357.0,-0.15772673031026252,1,29,29.0,5,1152.2,5,2126.0,4,-1
Sophie,Girl,29,0,1.0,7087.0,1996,0.0,3578.9655172413795,4188.0,103790.0,1615.3690404183108,0.45135082543723876,-221.46428571428572,192.0,-776.0,238.78060494085017,1996,2024,7087.0,886.0,7087.0,-0.6762559783298768,1,29,29.0,5,1168.2,5,5747.0,3,-1
Esme,Girl,29,0,1.0,1416.0,2016,0.7142857142857143,710.551724137931,797.0,20606.0,409.69177532980746,0.576582620817452,26.035714285714285,208.0,-181.0,90.54418106366523,1996,2024,135.0,864.0,135.0,3.997172111165285,1,29,29.0,5,1003.0,5,196.2,1,-1
Isabelle,Girl,29,0,1.0,2719.0,2011,0.5357142857142857,1591.8275862068965,1665.0,46163.0,704.9379561334613,0.4428481842139891,13.285714285714286,451.0,-307.0,176.65601302750923,1996,2024,469.0,841.0,469.0,0.7121250797702616,1,29,29.0,5,1107.0,5,594.2,1,-1
Eva,Girl,29,0,1.0,1946.0,2012,0.5714285714285714,1025.448275862069,1091.0,29738.0,594.105214541417,0.5793614641771838,24.357142857142858,425.0,-225.0,143.9839312179647,1996,2024,137.0,819.0,137.0,3.653516572352465,1,29,29.0,5,1013.8,5,180.6,1,-1
Layla,Girl,29,0,1.0,1796.0,2012,0.5714285714285714,845.5172413793103,826.0,24520.0,525.540222594621,0.6215606221551391,22.214285714285715,361.0,-208.0,135.64669369433255,1996,2024,138.0,760.0,138.0,3.9846879916098588,1,29,29.0,5,852.0,5,149.4,1,-1
Maryam,Girl,29,0,1.0,754.0,2015,0.6785714285714286,509.6896551724138,587.0,14781.0,183.15456134440223,0.3593452593862164,20.571428571428573,146.0,-53.0,47.78032213865316,1996,2024,176.0,752.0,176.0,1.4746274834437083,1,29,29.0,5,643.4,5,228.4,1,-1
Rose,Girl,29,0,1.0,990.0,2014,0.6428571428571429,622.1724137931035,651.0,18043.0,258.01310698670375,0.41469711814079746,17.785714285714285,167.0,-120.0,63.94716409598136,1996,2024,244.0,742.0,244.0,1.9148904567396958,1,29,29.0,5,799.4,5,267.2,1,-1
Elizabeth,Girl,29,0,1.0,2225.0,1996,0.0,1352.5862068965516,1404.0,39225.0,347.46525673416113,0.25688954608771636,-54.25,100.0,-333.0,94.3362621537596,1996,2024,2225.0,706.0,2225.0,-0.4209732423924449,1,29,29.0,5,779.0,5,1804.6,4,-1
Eliza,Girl,29,0,1.0,1248.0,2017,0.75,649.6551724137931,633.0,18840.0,412.04580226341506,0.6342530926559998,19.821428571428573,322.0,-171.0,92.83358904567916,1996,2024,147.0,702.0,147.0,4.5654139753376395,1,29,29.0,5,891.8,5,158.2,1,-1
Imogen,Girl,29,0,1.0,2045.0,2010,0.5,1164.0689655172414,1091.0,33758.0,384.0319608677061,0.3299048185663688,4.857142857142857,394.0,-319.0,183.3368707141728,1996,2024,555.0,691.0,555.0,0.2172620566471037,1,29,29.0,5,835.0,5,866.6,1,-1
Erin,Girl,29,0,1.0,1985.0,2006,0.35714285714285715,1200.448275862069,1212.0,34813.0,414.30861279360147,0.3451282501081332,7.25,307.0,-176.0,123.31018524726288,1996,2024,486.0,689.0,486.0,-0.02366299534461225,1,29,29.0,5,790.2,5,698.0,1,-1
Eleanor,Girl,29,0,1.0,2747.0,1997,0.03571428571428571,1399.1724137931035,1105.0,40576.0,608.6653046068132,0.435018085410035,-67.25,192.0,-405.0,122.40874881197948,1996,2024,2555.0,672.0,2555.0,-0.5823726441033845,1,29,29.0,5,807.4,5,2518.2,4,-1
Harriet,Girl,29,0,1.0,1132.0,2016,0.7142857142857143,854.5172413793103,810.0,24781.0,152.64464495608524,0.17863260981100326,-13.535714285714286,107.0,-139.0,69.75133492980473,1996,2024,1046.0,667.0,1046.0,0.12883211678832113,1,29,29.0,5,769.2,5,927.2,1,-1
Emma,Girl,29,0,1.0,4232.0,1996,0.0,1749.9310344827586,1373.0,50748.0,1001.401050633199,0.5722517235824618,-127.35714285714286,808.0,-645.0,250.9172052242552,1996,2024,4232.0,666.0,4232.0,-0.7078364439167377,1,29,29.0,5,748.6,5,3483.4,2,-1
Zara,Girl,29,0,1.0,938.0,2008,0.42857142857142855,668.1724137931035,727.0,19377.0,194.34506619989753,0.2908606554057402,14.321428571428571,170.0,-106.0,68.96171482964223,1996,2024,265.0,666.0,265.0,0.8453781512605041,1,29,29.0,5,693.4,5,342.0,1,-1
Chloe,Girl,29,0,1.0,9628.0,1998,0.07142857142857142,3836.0,3883.0,111244.0,2565.6333223645943,0.6688303760074542,-220.64285714285714,1883.0,-1504.0,608.538660251268,1996,2024,6824.0,646.0,6824.0,-0.8225633543721653,1,29,29.0,5,814.4,5,8153.8,3,-1
Robyn,Girl,29,0,1.0,807.0,2019,0.8214285714285714,501.9310344827586,496.0,14556.0,172.87406838395253,0.3444179708116669,-2.357142857142857,121.0,-115.0,59.7418340419331,1996,2024,683.0,617.0,683.0,0.5110091743119265,1,29,29.0,5,688.6,5,546.0,1,-1
Scarlett,Girl,29,0,1.0,2643.0,2013,0.6071428571428571,1181.4137931034484,1101.0,34261.0,772.3072694403699,0.6537144512352449,14.821428571428571,487.0,-409.0,226.27575679300003,1996,2024,195.0,610.0,195.0,2.79955857385399,1,29,29.0,5,772.2,5,221.4,1,-1
Lola,Girl,29,0,1.0,2010.0,2012,0.5714285714285714,845.448275862069,807.0,24518.0,584.2175189033441,0.6910150929193645,18.0,488.0,-436.0,171.38636385163701,1996,2024,39.0,543.0,39.0,5.254517611026034,1,29,29.0,5,672.8,5,73.6,1,-1
Ellie,Girl,29,0,1.0,5142.0,2004,0.2857142857142857,2185.2413793103447,1900.0,63372.0,1402.5252509908917,0.6418170844968734,-48.785714285714285,1018.0,-1093.0,405.23453148788303,1996,2024,1900.0,534.0,1900.0,-0.7699002972504335,1,29,29.0,5,621.6,5,2663.8,2,-1
Maria,Girl,29,0,1.0,853.0,2016,0.7142857142857143,596.6896551724138,609.0,17304.0,132.94284575640813,0.22280065458482637,-0.17857142857142858,85.0,-106.0,48.36915603049159,1996,2024,511.0,506.0,511.0,0.5936488474742522,1,29,29.0,5,635.8,5,452.2,1,-1
Jasmine,Girl,29,0,1.0,1782.0,2001,0.17857142857142858,1214.7241379310344,1268.0,35227.0,411.62410845180045,0.3388622120845435,-23.0,282.0,-181.0,118.20261055855384,1996,2024,1145.0,501.0,1145.0,-0.5036565138721352,1,29,29.0,5,555.8,5,1344.6,4,-1
Jessica,Girl,29,0,1.0,6711.0,1996,0.0,3621.793103448276,4165.0,105032.0,1753.1233483229855,0.4840484528654751,-222.42857142857142,206.0,-920.0,266.8507379164064,1996,2024,6711.0,483.0,6711.0,-0.718894577369136,1,29,29.0,5,781.4,5,5619.6,3,-1
Zoe,Girl,29,0,1.0,1897.0,1996,0.0,820.9655172413793,721.0,23808.0,374.0942609187137,0.4556759730612692,-50.92857142857143,39.0,-443.0,90.05828611493328,1996,2024,1897.0,471.0,1897.0,-0.6021907216494845,1,29,29.0,5,465.6,5,1474.2,4,-1
Amelie,Girl,29,0,1.0,1146.0,2012,0.5714285714285714,622.448275862069,653.0,18051.0,394.7242237839666,0.6341478305764241,16.357142857142858,288.0,-166.0,99.68637042735376,1996,2024,7.0,465.0,7.0,4.123076923076923,1,29,29.0,5,545.6,5,9.4,1,-1
Francesca,Girl,29,0,1.0,1052.0,1998,0.07142857142857142,646.6206896551724,620.0,18752.0,157.0559781147898,0.24288733816813696,-18.25,77.0,-164.0,53.70197189782034,1996,2024,966.0,455.0,966.0,-0.3573200992555831,1,29,29.0,5,448.0,5,934.2,4,-1
Gracie,Girl,29,0,1.0,1293.0,2010,0.5,633.8275862068965,703.0,18381.0,384.05935864543017,0.6059366411358182,14.928571428571429,336.0,-200.0,121.70131134738635,1996,2024,29.0,447.0,29.0,3.635746606334841,1,29,29.0,5,598.4,5,56.4,1,-1
Molly,Girl,29,0,1.0,2987.0,2001,0.17857142857142858,1645.7241379310344,1469.0,47726.0,755.1075692518903,0.45882997754483545,-56.42857142857143,659.0,-360.0,211.95508765696914,1996,2024,2026.0,446.0,2026.0,-0.6773031461845993,1,29,29.0,5,633.4,5,2341.6,4,-1
Hannah,Girl,29,0,1.0,5916.0,1996,0.0,2332.2413793103447,1749.0,67635.0,1653.0520498965127,0.708782574805927,-195.46428571428572,59.0,-701.0,174.5282380228109,1996,2024,5916.0,443.0,5916.0,-0.8321746460714552,1,29,29.0,5,551.0,5,5062.0,2,-1
Summer,Girl,29,0,1.0,2270.0,2008,0.42857142857142855,833.0344827586207,626.0,24158.0,553.4692143423449,0.6644013252722909,8.071428571428571,982.0,-303.0,238.08025786207781,1996,2024,203.0,429.0,203.0,0.6765498652291105,1,29,29.0,5,524.4,5,272.8,1,-1
Maddison,Girl,29,0,1.0,967.0,2007,0.39285714285714285,514.4137931034483,461.0,14918.0,247.29411739749384,0.48072995069897584,9.607142857142858,267.0,-194.0,94.81799832374891,1996,2024,134.0,403.0,134.0,0.6531711208615877,1,29,29.0,5,415.8,5,163.0,1,-1
Amber,Girl,29,0,1.0,1701.0,1998,0.07142857142857142,1100.655172413793,1201.0,31919.0,363.00187857992756,0.32980527205795607,-36.535714285714285,271.0,-258.0,121.77393638062561,1996,2024,1422.0,399.0,1422.0,-0.5087514677103718,1,29,29.0,5,494.0,5,1520.2,4,-1
Lucy,Girl,29,0,1.0,4515.0,1998,0.07142857142857142,2436.3793103448274,2544.0,70655.0,1384.515013151141,0.5682674316238495,-120.03571428571429,482.0,-478.0,210.66721931975644,1996,2024,3753.0,392.0,3753.0,-0.7931334464080538,1,29,29.0,5,542.6,5,4159.4,2,-1
Anna,Girl,29,0,1.0,1612.0,2000,0.14285714285714285,958.5862068965517,956.0,27799.0,336.4639159052602,0.3510001640797347,-31.642857142857142,243.0,-180.0,90.28772036650163,1996,2024,1274.0,388.0,1274.0,-0.5627209775967413,1,29,29.0,5,470.0,5,1426.8,4,-1
Lilly,Girl,29,0,1.0,1950.0,2011,0.5357142857142857,747.1724137931035,625.0,21668.0,520.2363566930018,0.6962735067425259,10.214285714285714,438.0,-414.0,167.42063303950005,1996,2024,89.0,375.0,89.0,2.6872340425531918,1,29,29.0,5,493.6,5,99.6,1,-1
Sarah,Girl,29,0,1.0,3111.0,1996,0.0,963.9655172413793,722.0,27955.0,663.6481973496365,0.688456366415291,-97.71428571428571,33.0,-551.0,143.17343557050387,1996,2024,3111.0,375.0,3111.0,-0.7318964965093192,1,29,29.0,5,395.2,5,2211.0,4,-1
Holly,Girl,29,0,1.0,3435.0,2002,0.21428571428571427,1803.551724137931,2055.0,52303.0,882.6786655600997,0.48941133971747114,-76.10714285714286,652.0,-647.0,226.94576748102403,1996,2024,2498.0,367.0,2498.0,-0.7230598851517637,1,29,29.0,5,482.8,5,2409.2,4,-1
Annabelle,Girl,29,0,1.0,1108.0,2014,0.6428571428571429,521.3793103448276,415.0,15120.0,270.8089304534056,0.5194086629066642,4.178571428571429,141.0,-160.0,80.43766600445899,1996,2024,225.0,342.0,225.0,1.3349337748344368,1,29,29.0,5,412.0,5,249.0,1,-1
Victoria,Girl,29,0,1.0,1650.0,1997,0.03571428571428571,675.2413793103449,535.0,19582.0,357.69874197694713,0.5297346296257515,-46.107142857142854,88.0,-359.0,90.47112376163942,1996,2024,1627.0,336.0,1627.0,-0.5626212073819206,1,29,29.0,5,375.2,5,1397.8,4,-1
Abigail,Girl,29,0,1.0,2643.0,2004,0.2857142857142857,1574.4137931034484,1632.0,45658.0,797.9960468850915,0.5068528047585888,-80.85714285714286,324.0,-314.0,121.61729032552259,1996,2024,2595.0,331.0,2595.0,-0.7380451467268623,1,29,29.0,5,435.4,5,2476.0,4,-1
Georgia,Girl,29,0,1.0,4908.0,1997,0.03571428571428571,1684.0689655172414,1115.0,48838.0,1284.0794886512253,0.7624862846735234,-121.28571428571429,1185.0,-882.0,337.51919068644474,1996,2024,3723.0,327.0,3723.0,-0.7964028776978418,1,29,29.0,5,449.2,5,4175.2,2,-1
Martha,Girl,29,0,1.0,868.0,2015,0.6785714285714286,521.2413793103449,505.0,15116.0,204.80228567764365,0.392912561831944,4.25,119.0,-158.0,72.809744736343,1996,2024,198.0,317.0,198.0,0.954186046511628,1,29,29.0,5,427.6,5,265.2,1,-1
Madison,Girl,29,0,1.0,1556.0,2005,0.32142857142857145,635.8965517241379,477.0,18441.0,403.1722781270785,0.6340218028135827,4.821428571428571,573.0,-277.0,157.21233447870716,1996,2024,169.0,304.0,169.0,-0.2869290996085255,1,29,29.0,5,300.6,5,273.2,1,-1
Isabel,Girl,29,0,1.0,1281.0,2006,0.35714285714285715,720.5172413793103,645.0,20895.0,331.9676574077719,0.46073520291100195,-5.75,229.0,-200.0,89.40263059408743,1996,2024,455.0,294.0,455.0,-0.48300949598246895,1,29,29.0,5,341.6,5,582.0,1,-1
Lydia,Girl,29,0,1.0,1084.0,1999,0.10714285714285714,632.8620689655172,602.0,18353.0,231.76633954792385,0.3662193563390068,-25.785714285714285,67.0,-174.0,60.57542945007675,1996,2024,1009.0,287.0,1009.0,-0.5636695018226002,1,29,29.0,5,325.2,5,1030.2,4,-1
Mollie,Girl,29,0,1.0,782.0,2001,0.17857142857142858,548.6551724137931,544.0,15911.0,150.18638440102694,0.27373547530826353,-14.285714285714286,158.0,-134.0,74.07084308902097,1996,2024,667.0,267.0,667.0,-0.4315103747788323,1,29,29.0,5,325.2,5,687.6,1,-1
Leah,Girl,29,0,1.0,2160.0,2004,0.2857142857142857,1144.3103448275863,1299.0,33185.0,635.1870809643557,0.5550828792516593,-51.42857142857143,297.0,-453.0,164.97173536514597,1996,2024,1705.0,265.0,1705.0,-0.7752340165188131,1,29,29.0,5,316.8,5,1690.0,4,-1
Niamh,Girl,29,0,1.0,1204.0,2000,0.14285714285714285,701.6206896551724,672.0,20347.0,296.6726297235904,0.422839055486515,-4.642857142857143,357.0,-178.0,118.12197517993069,1996,2024,381.0,251.0,381.0,-0.5792918454935622,1,29,29.0,5,315.2,5,841.4,1,-1
Alexandra,Girl,29,0,1.0,1595.0,1996,0.0,670.8620689655172,578.0,19455.0,336.75917150943246,0.5019797467886683,-48.892857142857146,67.0,-214.0,60.121507493286515,1996,2024,1595.0,226.0,1595.0,-0.6501987159889941,1,29,29.0,5,288.6,5,1285.8,4,-1
Isobel,Girl,29,0,1.0,1098.0,2005,0.32142857142857145,679.5172413793103,651.0,19706.0,305.9421424555974,0.4502345545119417,-11.214285714285714,243.0,-200.0,83.87165243175225,1996,2024,522.0,208.0,522.0,-0.6174481168332052,1,29,29.0,5,264.6,5,753.4,1,-1
Eve,Girl,29,0,1.0,976.0,2001,0.17857142857142858,514.4827586206897,430.0,14920.0,263.24324934065163,0.5116658331688269,-6.071428571428571,301.0,-127.0,87.86594032608855,1996,2024,369.0,199.0,369.0,-0.6329617062530296,1,29,29.0,5,216.8,5,506.8,1,-1
Laura,Girl,29,0,1.0,3582.0,1996,0.0,809.2413793103449,427.0,23468.0,843.2628197159762,1.0420411527085098,-121.21428571428571,38.0,-645.0,184.88265721471961,1996,2024,3582.0,188.0,3582.0,-0.8359619686800895,1,29,29.0,5,240.8,5,2458.4,4,-1
Brooke,Girl,29,0,1.0,1524.0,2009,0.4642857142857143,633.448275862069,507.0,18370.0,407.6841734181596,0.6435950478566483,-4.678571428571429,302.0,-194.0,127.5032362534459,1996,2024,269.0,138.0,269.0,-0.2864764267990074,1,29,29.0,5,188.0,5,363.0,1,-1
Rebecca,Girl,29,0,1.0,5828.0,1996,0.0,1578.0689655172414,725.0,45764.0,1715.182244886762,1.0868867472623918,-203.25,18.0,-876.0,241.78526851615376,1996,2024,5828.0,137.0,5828.0,-0.9343626286619161,1,29,29.0,5,166.8,5,4911.8,2,-1
Hollie,Girl,29,0,1.0,1062.0,2012,0.5714285714285714,617.3103448275862,693.0,17902.0,254.80000317331724,0.4127583561627863,-27.285714285714285,237.0,-329.0,97.56091765179961,1996,2024,896.0,132.0,896.0,-0.6165546218487395,1,29,29.0,5,191.8,5,783.6,1,-1
Nicole,Girl,29,0,1.0,1679.0,1996,0.0,678.8620689655172,642.0,19687.0,459.9703681713849,0.677560861328296,-55.285714285714285,77.0,-265.0,65.61459830101897,1996,2024,1679.0,131.0,1679.0,-0.8296844531111505,1,29,29.0,5,151.6,5,1455.0,4,-1
Amy,Girl,29,0,1.0,5206.0,1996,0.0,1809.9655172413793,1540.0,52489.0,1549.3285193527886,0.8559989152247303,-181.64285714285714,397.0,-569.0,220.17123438128692,1996,2024,5206.0,120.0,5206.0,-0.9335961775224249,1,29,29.0,5,138.4,5,4342.0,2,-1
Rachel,Girl,29,0,1.0,2120.0,1997,0.03571428571428571,656.3448275862069,325.0,19034.0,644.1213355316211,0.9813764174853952,-71.10714285714286,17.0,-358.0,89.2017533803145,1996,2024,2105.0,114.0,2105.0,-0.9069579881222963,1,29,29.0,5,113.8,5,1861.4,4,-1
Paige,Girl,29,0,1.0,2052.0,1996,0.0,852.3103448275862,944.0,24717.0,512.7898745199889,0.6016468973208593,-69.28571428571429,132.0,-374.0,106.13531024891128,1996,2024,2052.0,112.0,2052.0,-0.7905470249520153,1,29,29.0,5,183.0,5,1583.6,4,-1
Georgina,Girl,29,0,1.0,1700.0,1997,0.03571428571428571,537.8965517241379,339.0,15599.0,454.62416041109026,0.8451888359459977,-52.92857142857143,107.0,-399.0,93.7081062858143,1996,2024,1593.0,111.0,1593.0,-0.8233017536786938,1,29,29.0,5,138.6,5,1424.2,4,-1
Alisha,Girl,29,0,1.0,986.0,2006,0.35714285714285715,512.1724137931035,504.0,14853.0,294.56409278159236,0.5751268222356546,-9.071428571428571,453.0,-269.0,116.99417829576838,1996,2024,363.0,109.0,363.0,-0.7458630636101412,1,29,29.0,5,136.2,5,664.6,1,-1
Libby,Girl,29,0,1.0,1131.0,2005,0.32142857142857145,500.37931034482756,423.0,14511.0,347.2848789655908,0.6940432423680059,-3.5714285714285716,253.0,-254.0,99.80281579603016,1996,2024,191.0,91.0,191.0,-0.662946783161239,1,29,29.0,5,131.2,5,315.2,1,-1
Megan,Girl,29,0,1.0,6444.0,1999,0.10714285714285714,2444.2758620689656,2223.0,70884.0,2110.7522583936543,0.8635491153633539,-173.92857142857142,776.0,-1004.0,329.0290834487159,1996,2024,4948.0,78.0,4948.0,-0.9376641621080863,1,29,29.0,5,125.0,5,5846.2,2,-1
Bethany,Girl,29,0,1.0,4271.0,1996,0.0,1490.448275862069,1010.0,43223.0,1353.9726882134892,0.9084331943222632,-149.96428571428572,12.0,-925.0,190.82368117169935,1996,2024,4271.0,72.0,4271.0,-0.9052967820443483,1,29,29.0,5,160.4,5,4043.0,2,-1
Katie,Girl,29,0,1.0,4337.0,1996,0.0,1832.8620689655172,1487.0,53153.0,1495.5564464182908,0.8159678088937676,-152.35714285714286,242.0,-619.0,228.61449371090595,1996,2024,4337.0,71.0,4337.0,-0.9340776522056143,1,29,29.0,5,111.6,5,3826.8,2,-1
Tia,Girl,29,0,1.0,1050.0,2004,0.2857142857142857,536.4827586206897,525.0,15558.0,359.4502143542087,0.67001261192133,-10.142857142857142,236.0,-181.0,101.72080637204756,1996,2024,349.0,65.0,349.0,-0.8430591259640102,1,29,29.0,5,82.4,5,640.8,1,-1
Caitlin,Girl,29,0,1.0,2277.0,2003,0.25,997.6206896551724,906.0,28931.0,815.2002679178396,0.817144508299656,-30.071428571428573,750.0,-308.0,196.94414156800698,1996,2024,906.0,64.0,906.0,-0.9305059959052354,1,29,29.0,5,62.2,5,1648.8,4,-1
Jade,Girl,29,0,1.0,2750.0,1996,0.0,677.448275862069,160.0,19646.0,906.3776554070413,1.3379289426246666,-96.03571428571429,53.0,-828.0,192.9229087601827,1996,2024,2750.0,61.0,2750.0,-0.9587631313431064,1,29,29.0,5,58.8,5,2397.6,4,-1
Lauren,Girl,29,0,1.0,6299.0,1996,0.0,1747.0344827586207,861.0,50664.0,1949.9830853865626,1.1161674853191677,-223.60714285714286,0.0,-943.0,253.78299775394643,1996,2024,6299.0,38.0,6299.0,-0.9711716263325417,1,29,29.0,5,53.2,5,5274.6,2,-1
Natasha,Girl,29,0,1.0,1751.0,1996,0.0,537.1724137931035,310.0,15578.0,543.0685527924671,1.0109762505444566,-61.607142857142854,42.0,-289.0,77.20720695713871,1996,2024,1751.0,26.0,1751.0,-0.9519673998773113,1,29,29.0,5,41.8,5,1511.6,4,-1
Abbie,Girl,29,0,1.0,1297.0,1996,0.0,550.7241379310345,422.0,15971.0,469.96638886067115,0.8533607962531753,-45.42857142857143,134.0,-277.0,86.54661360521631,1996,2024,1297.0,25.0,1297.0,-0.9459620180318435,1,29,29.0,5,30.0,5,1119.4,4,-1
Aimee,Girl,29,0,1.0,1189.0,2004,0.2857142857142857,522.4827586206897,710.0,15152.0,392.45853026606125,0.7511415903983485,-30.607142857142858,242.0,-203.0,108.00870973005381,1996,2024,876.0,19.0,876.0,-0.9301743745261563,1,29,29.0,5,29.4,5,829.8,4,-1
Shannon,Girl,29,0,1.0,4649.0,1996,0.0,879.551724137931,206.0,25507.0,1210.5341250928323,1.3763080576975786,-165.42857142857142,10.0,-1009.0,240.5460200358801,1996,2024,4649.0,17.0,4649.0,-0.9882578027753446,1,29,29.0,5,15.6,5,3134.0,2,-1
Courtney,Girl,29,0,1.0,3251.0,1998,0.07142857142857142,798.5862068965517,443.0,23159.0,917.6016909629287,1.1490327318936453,-42.42857142857143,1609.0,-766.0,370.94949873567003,1996,2024,1203.0,15.0,1203.0,-0.9775883342680874,1,29,29.0,5,22.2,5,2376.4,4,-1
